"","dataset","verbatim_name","trend","log_R2_1"
"1","Birds_Atlas_Czechia","Accipiter gentilis","stable",-0.025
"2","Birds_Atlas_Czechia","Accipiter nisus","stable",0.046
"3","Birds_Atlas_Czechia","Acrocephalus arundinaceus","stable",0.058
"4","Birds_Atlas_Czechia","Acrocephalus palustris","stable",0.061
"5","Birds_Atlas_Czechia","Acrocephalus schoenobaenus","weak increase (< doubling)",0.197
"6","Birds_Atlas_Czechia","Acrocephalus scirpaceus","stable",0.041
"7","Birds_Atlas_Czechia","Actitis hypoleucos","stable",0.004
"8","Birds_Atlas_Czechia","Aegithalos caudatus","stable",0.036
"9","Birds_Atlas_Czechia","Aegolius funereus","weak increase (< doubling)",0.472
"10","Birds_Atlas_Czechia","Alauda arvensis","stable",-0.003
"11","Birds_Atlas_Czechia","Alcedo atthis","weak increase (< doubling)",0.238
"12","Birds_Atlas_Czechia","Anas acuta","stable",0.001
"13","Birds_Atlas_Czechia","Anas clypeata","stable",-0.085
"14","Birds_Atlas_Czechia","Anas crecca","weak decrease (< halfing)",-0.18
"15","Birds_Atlas_Czechia","Anas platyrhynchos","stable",0.023
"16","Birds_Atlas_Czechia","Anas querquedula","stable",0.032
"17","Birds_Atlas_Czechia","Anas strepera","weak increase (< doubling)",0.321
"18","Birds_Atlas_Czechia","Anser anser","strong increase (> doubling)",0.72
"19","Birds_Atlas_Czechia","Anthus campestris","weak decrease (< halfing)",-0.362
"20","Birds_Atlas_Czechia","Anthus pratensis","stable",0.036
"21","Birds_Atlas_Czechia","Anthus spinoletta","weak decrease (< halfing)",-0.155
"22","Birds_Atlas_Czechia","Anthus trivialis","stable",-0.008
"23","Birds_Atlas_Czechia","Apus apus","stable",0.015
"24","Birds_Atlas_Czechia","Aquila pomarina","stable",0.072
"25","Birds_Atlas_Czechia","Ardea cinerea","weak increase (< doubling)",0.46
"26","Birds_Atlas_Czechia","Ardea purpurea","weak increase (< doubling)",0.641
"27","Birds_Atlas_Czechia","Asio flammeus","strong increase (> doubling)",0.955
"28","Birds_Atlas_Czechia","Asio otus","stable",-0.011
"29","Birds_Atlas_Czechia","Athene noctua","strong decrease (> halfing)",-0.936
"30","Birds_Atlas_Czechia","Aythya ferina","stable",-0.091
"31","Birds_Atlas_Czechia","Aythya fuligula","stable",0.018
"32","Birds_Atlas_Czechia","Aythya nyroca","strong decrease (> halfing)",-0.801
"33","Birds_Atlas_Czechia","Botaurus stellaris","weak increase (< doubling)",0.362
"34","Birds_Atlas_Czechia","Bubo bubo","stable",0.01
"35","Birds_Atlas_Czechia","Bucephala clangula","strong increase (> doubling)",0.711
"36","Birds_Atlas_Czechia","Buteo buteo","stable",-0.002
"37","Birds_Atlas_Czechia","Caprimulgus europaeus","weak decrease (< halfing)",-0.465
"38","Birds_Atlas_Czechia","Carduelis cannabina","stable",0.04
"39","Birds_Atlas_Czechia","Carduelis carduelis","stable",0.008
"40","Birds_Atlas_Czechia","Carduelis chloris","stable",0.002
"41","Birds_Atlas_Czechia","Carduelis flammea","weak increase (< doubling)",0.114
"42","Birds_Atlas_Czechia","Carduelis spinus","stable",0.028
"43","Birds_Atlas_Czechia","Carpodacus erythrinus","weak increase (< doubling)",0.195
"44","Birds_Atlas_Czechia","Certhia brachydactyla","stable",0.069
"45","Birds_Atlas_Czechia","Certhia familiaris","stable",0.068
"46","Birds_Atlas_Czechia","Charadrius dubius","stable",0.038
"47","Birds_Atlas_Czechia","Charadrius morinellus","strong decrease (> halfing)",-0.7
"48","Birds_Atlas_Czechia","Chlidonias niger","weak decrease (< halfing)",-0.318
"49","Birds_Atlas_Czechia","Ciconia ciconia","stable",0.048
"50","Birds_Atlas_Czechia","Ciconia nigra","weak increase (< doubling)",0.235
"51","Birds_Atlas_Czechia","Cinclus cinclus","stable",0.04
"52","Birds_Atlas_Czechia","Circus aeruginosus","weak increase (< doubling)",0.286
"53","Birds_Atlas_Czechia","Circus cyaneus","stable",-0.039
"54","Birds_Atlas_Czechia","Circus pygargus","strong increase (> doubling)",0.836
"55","Birds_Atlas_Czechia","Coccothraustes coccothraustes","stable",0.079
"56","Birds_Atlas_Czechia","Columba livia","stable",0.012
"57","Birds_Atlas_Czechia","Columba oenas","weak increase (< doubling)",0.323
"58","Birds_Atlas_Czechia","Columba palumbus","stable",0.013
"59","Birds_Atlas_Czechia","Corvus corax","strong increase (> doubling)",0.694
"60","Birds_Atlas_Czechia","Corvus corone","stable",-0.026
"61","Birds_Atlas_Czechia","Corvus frugilegus","weak decrease (< halfing)",-0.18
"62","Birds_Atlas_Czechia","Corvus monedula","weak decrease (< halfing)",-0.339
"63","Birds_Atlas_Czechia","Coturnix coturnix","weak increase (< doubling)",0.301
"64","Birds_Atlas_Czechia","Crex crex","weak increase (< doubling)",0.659
"65","Birds_Atlas_Czechia","Cuculus canorus","stable",0.008
"66","Birds_Atlas_Czechia","Cygnus olor","stable",-0.001
"67","Birds_Atlas_Czechia","Delichon urbica","stable",0
"68","Birds_Atlas_Czechia","Dendrocopos leucotos","stable",-0.027
"69","Birds_Atlas_Czechia","Dendrocopos major","stable",0.008
"70","Birds_Atlas_Czechia","Dendrocopos medius","weak increase (< doubling)",0.34
"71","Birds_Atlas_Czechia","Dendrocopos minor","stable",0.093
"72","Birds_Atlas_Czechia","Dendrocopos syriacus","strong increase (> doubling)",0.834
"73","Birds_Atlas_Czechia","Dryocopus martius","stable",0.041
"74","Birds_Atlas_Czechia","Egretta garzetta","strong increase (> doubling)",2.394
"75","Birds_Atlas_Czechia","Emberiza citrinella","stable",0
"76","Birds_Atlas_Czechia","Emberiza hortulana","weak decrease (< halfing)",-0.181
"77","Birds_Atlas_Czechia","Emberiza schoeniclus","stable",0.079
"78","Birds_Atlas_Czechia","Erithacus rubecula","stable",0.006
"79","Birds_Atlas_Czechia","Falco cherrug","weak increase (< doubling)",0.201
"80","Birds_Atlas_Czechia","Falco peregrinus","weak increase (< doubling)",0.623
"81","Birds_Atlas_Czechia","Falco subbuteo","weak increase (< doubling)",0.239
"82","Birds_Atlas_Czechia","Falco tinnunculus","stable",0.015
"83","Birds_Atlas_Czechia","Ficedula albicollis","stable",0.095
"84","Birds_Atlas_Czechia","Ficedula hypoleuca","stable",0.045
"85","Birds_Atlas_Czechia","Ficedula parva","weak increase (< doubling)",0.163
"86","Birds_Atlas_Czechia","Fringilla coelebs","stable",0.002
"87","Birds_Atlas_Czechia","Fulica atra","stable",-0.002
"88","Birds_Atlas_Czechia","Galerida cristata","strong decrease (> halfing)",-0.84
"89","Birds_Atlas_Czechia","Gallinago gallinago","weak decrease (< halfing)",-0.246
"90","Birds_Atlas_Czechia","Gallinula chloropus","stable",0.015
"91","Birds_Atlas_Czechia","Garrulus glandarius","stable",0.016
"92","Birds_Atlas_Czechia","Glaucidium passerinum","weak increase (< doubling)",0.656
"93","Birds_Atlas_Czechia","Grus grus","strong increase (> doubling)",1.746
"94","Birds_Atlas_Czechia","Haliaeetus albicilla","strong increase (> doubling)",1.585
"95","Birds_Atlas_Czechia","Himantopus himantopus","weak increase (< doubling)",0.23
"96","Birds_Atlas_Czechia","Hippolais icterina","stable",0.007
"97","Birds_Atlas_Czechia","Hirundo rustica","stable",-0.002
"98","Birds_Atlas_Czechia","Ixobrychus minutus","stable",0.079
"99","Birds_Atlas_Czechia","Jynx torquilla","stable",0.055
"100","Birds_Atlas_Czechia","Lanius collurio","stable",0.006
"101","Birds_Atlas_Czechia","Lanius excubitor","stable",0.027
"102","Birds_Atlas_Czechia","Larus cachinnans","weak decrease (< halfing)",-0.217
"103","Birds_Atlas_Czechia","Larus canus","weak increase (< doubling)",0.584
"104","Birds_Atlas_Czechia","Larus melanocephalus","strong increase (> doubling)",1.249
"105","Birds_Atlas_Czechia","Larus ridibundus","weak decrease (< halfing)",-0.144
"106","Birds_Atlas_Czechia","Limosa limosa","weak decrease (< halfing)",-0.608
"107","Birds_Atlas_Czechia","Locustella fluviatilis","weak increase (< doubling)",0.158
"108","Birds_Atlas_Czechia","Locustella luscinioides","weak increase (< doubling)",0.525
"109","Birds_Atlas_Czechia","Locustella naevia","weak increase (< doubling)",0.102
"110","Birds_Atlas_Czechia","Loxia curvirostra","weak increase (< doubling)",0.121
"111","Birds_Atlas_Czechia","Lullula arborea","weak increase (< doubling)",0.174
"112","Birds_Atlas_Czechia","Luscinia luscinia","weak increase (< doubling)",0.536
"113","Birds_Atlas_Czechia","Luscinia megarhynchos","weak increase (< doubling)",0.218
"114","Birds_Atlas_Czechia","Mergus merganser","strong increase (> doubling)",1.046
"115","Birds_Atlas_Czechia","Merops apiaster","weak increase (< doubling)",0.62
"116","Birds_Atlas_Czechia","Miliaria calandra","strong increase (> doubling)",0.719
"117","Birds_Atlas_Czechia","Milvus migrans","weak increase (< doubling)",0.32
"118","Birds_Atlas_Czechia","Milvus milvus","weak increase (< doubling)",0.535
"119","Birds_Atlas_Czechia","Motacilla alba","stable",0.003
"120","Birds_Atlas_Czechia","Motacilla cinerea","stable",0.054
"121","Birds_Atlas_Czechia","Motacilla flava","stable",0.077
"122","Birds_Atlas_Czechia","Muscicapa striata","stable",0.048
"123","Birds_Atlas_Czechia","Netta rufina","strong increase (> doubling)",0.78
"124","Birds_Atlas_Czechia","Nucifraga caryocatactes","stable",0.069
"125","Birds_Atlas_Czechia","Numenius arquata","weak decrease (< halfing)",-0.275
"126","Birds_Atlas_Czechia","Nycticorax nycticorax","strong increase (> doubling)",0.772
"127","Birds_Atlas_Czechia","Oenanthe oenanthe","weak decrease (< halfing)",-0.439
"128","Birds_Atlas_Czechia","Oriolus oriolus","stable",0.06
"129","Birds_Atlas_Czechia","Otus scops","weak increase (< doubling)",0.689
"130","Birds_Atlas_Czechia","Panurus biarmicus","weak increase (< doubling)",0.198
"131","Birds_Atlas_Czechia","Parus ater","stable",0.019
"132","Birds_Atlas_Czechia","Parus caeruleus","stable",0.005
"133","Birds_Atlas_Czechia","Parus cristatus","stable",-0.004
"134","Birds_Atlas_Czechia","Parus major","stable",0.002
"135","Birds_Atlas_Czechia","Parus montanus","weak increase (< doubling)",0.146
"136","Birds_Atlas_Czechia","Parus palustris","stable",0.043
"137","Birds_Atlas_Czechia","Passer domesticus","stable",-0.003
"138","Birds_Atlas_Czechia","Passer montanus","stable",-0.022
"139","Birds_Atlas_Czechia","Perdix perdix","stable",-0.074
"140","Birds_Atlas_Czechia","Pernis apivorus","weak increase (< doubling)",0.157
"141","Birds_Atlas_Czechia","Phalacrocorax carbo","strong increase (> doubling)",1.074
"142","Birds_Atlas_Czechia","Phasianus colchicus","stable",-0.042
"143","Birds_Atlas_Czechia","Phoenicurus ochruros","stable",-0.002
"144","Birds_Atlas_Czechia","Phoenicurus phoenicurus","stable",0.057
"145","Birds_Atlas_Czechia","Phylloscopus collybita","stable",0.002
"146","Birds_Atlas_Czechia","Phylloscopus sibilatrix","stable",0.04
"147","Birds_Atlas_Czechia","Phylloscopus trochiloides","weak decrease (< halfing)",-0.145
"148","Birds_Atlas_Czechia","Phylloscopus trochilus","stable",0.003
"149","Birds_Atlas_Czechia","Pica pica","stable",0.025
"150","Birds_Atlas_Czechia","Picoides tridactylus","weak decrease (< halfing)",-0.143
"151","Birds_Atlas_Czechia","Picus canus","stable",0.011
"152","Birds_Atlas_Czechia","Picus viridis","stable",0.042
"153","Birds_Atlas_Czechia","Platalea leucorodia","strong increase (> doubling)",1.387
"154","Birds_Atlas_Czechia","Podiceps cristatus","stable",-0.046
"155","Birds_Atlas_Czechia","Podiceps grisegena","weak decrease (< halfing)",-0.155
"156","Birds_Atlas_Czechia","Podiceps nigricollis","weak decrease (< halfing)",-0.433
"157","Birds_Atlas_Czechia","Porzana parva","strong increase (> doubling)",1.453
"158","Birds_Atlas_Czechia","Porzana porzana","weak increase (< doubling)",0.175
"159","Birds_Atlas_Czechia","Prunella collaris","weak increase (< doubling)",0.181
"160","Birds_Atlas_Czechia","Prunella modularis","stable",0.015
"161","Birds_Atlas_Czechia","Pyrrhula pyrrhula","stable",-0.004
"162","Birds_Atlas_Czechia","Rallus aquaticus","weak increase (< doubling)",0.343
"163","Birds_Atlas_Czechia","Recurvirostra avosetta","strong increase (> doubling)",1.108
"164","Birds_Atlas_Czechia","Regulus ignicapillus","weak increase (< doubling)",0.256
"165","Birds_Atlas_Czechia","Regulus regulus","stable",0.013
"166","Birds_Atlas_Czechia","Remiz pendulinus","stable",-0.081
"167","Birds_Atlas_Czechia","Riparia riparia","weak decrease (< halfing)",-0.236
"168","Birds_Atlas_Czechia","Saxicola rubetra","stable",-0.034
"169","Birds_Atlas_Czechia","Saxicola torquata","weak increase (< doubling)",0.236
"170","Birds_Atlas_Czechia","Scolopax rusticola","weak increase (< doubling)",0.121
"171","Birds_Atlas_Czechia","Serinus serinus","stable",0.003
"172","Birds_Atlas_Czechia","Sitta europaea","stable",0.008
"173","Birds_Atlas_Czechia","Sterna hirundo","weak increase (< doubling)",0.135
"174","Birds_Atlas_Czechia","Streptopelia decaocto","stable",-0.007
"175","Birds_Atlas_Czechia","Streptopelia turtur","stable",-0.003
"176","Birds_Atlas_Czechia","Strix aluco","stable",0.023
"177","Birds_Atlas_Czechia","Strix uralensis","strong increase (> doubling)",1.511
"178","Birds_Atlas_Czechia","Sturnus vulgaris","stable",0
"179","Birds_Atlas_Czechia","Sylvia atricapilla","stable",0
"180","Birds_Atlas_Czechia","Sylvia borin","stable",0.016
"181","Birds_Atlas_Czechia","Tachybaptus ruficollis","stable",-0.019
"182","Birds_Atlas_Czechia","Tetrao tetrix","weak decrease (< halfing)",-0.429
"183","Birds_Atlas_Czechia","Tetrao urogallus","weak decrease (< halfing)",-0.303
"184","Birds_Atlas_Czechia","Tringa ochropus","strong increase (> doubling)",1.206
"185","Birds_Atlas_Czechia","Tringa totanus","stable",-0.086
"186","Birds_Atlas_Czechia","Troglodytes troglodytes","stable",0.01
"187","Birds_Atlas_Czechia","Turdus iliacus","weak decrease (< halfing)",-0.185
"188","Birds_Atlas_Czechia","Turdus merula","stable",-0.002
"189","Birds_Atlas_Czechia","Turdus philomelos","stable",0.002
"190","Birds_Atlas_Czechia","Turdus pilaris","stable",0.017
"191","Birds_Atlas_Czechia","Turdus torquatus","stable",-0.029
"192","Birds_Atlas_Czechia","Turdus viscivorus","weak increase (< doubling)",0.113
"193","Birds_Atlas_Czechia","Tyto alba","weak decrease (< halfing)",-0.265
"194","Birds_Atlas_Czechia","Upupa epops","weak increase (< doubling)",0.212
"195","Birds_Atlas_Czechia","Vanellus vanellus","stable",-0.096
"196","Birds_atlas_EBBA","Acanthis flammea","weak increase (< doubling)",0.132
"197","Birds_atlas_EBBA","Accipiter brevipes","weak increase (< doubling)",0.49
"198","Birds_atlas_EBBA","Accipiter gentilis","stable",0.056
"199","Birds_atlas_EBBA","Accipiter nisus","stable",0.049
"200","Birds_atlas_EBBA","Acrocephalus agricola","strong increase (> doubling)",0.813
"201","Birds_atlas_EBBA","Acrocephalus arundinaceus","weak increase (< doubling)",0.135
"202","Birds_atlas_EBBA","Acrocephalus dumetorum","strong increase (> doubling)",0.965
"203","Birds_atlas_EBBA","Acrocephalus melanopogon","weak decrease (< halfing)",-0.157
"204","Birds_atlas_EBBA","Acrocephalus paludicola","weak decrease (< halfing)",-0.12
"205","Birds_atlas_EBBA","Acrocephalus palustris","weak increase (< doubling)",0.142
"206","Birds_atlas_EBBA","Acrocephalus schoenobaenus","stable",0.001
"207","Birds_atlas_EBBA","Acrocephalus scirpaceus","weak increase (< doubling)",0.201
"208","Birds_atlas_EBBA","Actitis hypoleucos","stable",-0.04
"209","Birds_atlas_EBBA","Aegithalos caudatus","stable",0.079
"210","Birds_atlas_EBBA","Aegolius funereus","weak increase (< doubling)",0.164
"211","Birds_atlas_EBBA","Aegypius monachus","weak decrease (< halfing)",-0.351
"212","Birds_atlas_EBBA","Aix galericulata","strong increase (> doubling)",1.823
"213","Birds_atlas_EBBA","Aix sponsa","strong increase (> doubling)",2.166
"214","Birds_atlas_EBBA","Alauda arvensis","stable",-0.039
"215","Birds_atlas_EBBA","Alaudala rufescens","stable",0.016
"216","Birds_atlas_EBBA","Alca torda","stable",0.014
"217","Birds_atlas_EBBA","Alcedo atthis","stable",0.018
"218","Birds_atlas_EBBA","Alectoris barbara","stable",0.042
"219","Birds_atlas_EBBA","Alectoris chukar","stable",0.083
"220","Birds_atlas_EBBA","Alectoris graeca","weak decrease (< halfing)",-0.153
"221","Birds_atlas_EBBA","Alectoris rufa","weak increase (< doubling)",0.119
"222","Birds_atlas_EBBA","Alle alle","stable",-0.006
"223","Birds_atlas_EBBA","Alopochen aegyptiaca","strong increase (> doubling)",2.482
"224","Birds_atlas_EBBA","Amandava amandava","strong increase (> doubling)",0.986
"225","Birds_atlas_EBBA","Anas acuta","weak decrease (< halfing)",-0.276
"226","Birds_atlas_EBBA","Anas crecca","stable",-0.019
"227","Birds_atlas_EBBA","Anas platyrhynchos","stable",0.061
"228","Birds_atlas_EBBA","Anser anser","weak increase (< doubling)",0.607
"229","Birds_atlas_EBBA","Anser brachyrhynchus","weak increase (< doubling)",0.223
"230","Birds_atlas_EBBA","Anser erythropus","strong decrease (> halfing)",-1.393
"231","Birds_atlas_EBBA","Anser fabalis","stable",-0.002
"232","Birds_atlas_EBBA","Anthropoides virgo","weak increase (< doubling)",0.353
"233","Birds_atlas_EBBA","Anthus berthelotii","stable",0
"234","Birds_atlas_EBBA","Anthus campestris","stable",0.074
"235","Birds_atlas_EBBA","Anthus cervinus","weak decrease (< halfing)",-0.271
"236","Birds_atlas_EBBA","Anthus petrosus","stable",-0.014
"237","Birds_atlas_EBBA","Anthus pratensis","stable",0.006
"238","Birds_atlas_EBBA","Anthus spinoletta","weak decrease (< halfing)",-0.116
"239","Birds_atlas_EBBA","Anthus trivialis","stable",0.032
"240","Birds_atlas_EBBA","Apus apus","stable",0.027
"241","Birds_atlas_EBBA","Apus caffer","strong increase (> doubling)",1.193
"242","Birds_atlas_EBBA","Apus pallidus","weak increase (< doubling)",0.674
"243","Birds_atlas_EBBA","Apus unicolor","stable",0
"244","Birds_atlas_EBBA","Aquila adalberti","weak increase (< doubling)",0.504
"245","Birds_atlas_EBBA","Aquila chrysaetos","weak increase (< doubling)",0.199
"246","Birds_atlas_EBBA","Aquila fasciata","stable",-0.067
"247","Birds_atlas_EBBA","Aquila heliaca","stable",0.059
"248","Birds_atlas_EBBA","Ardea alba","strong increase (> doubling)",1.489
"249","Birds_atlas_EBBA","Ardea cinerea","weak increase (< doubling)",0.196
"250","Birds_atlas_EBBA","Ardea purpurea","weak increase (< doubling)",0.287
"251","Birds_atlas_EBBA","Ardeola ralloides","weak increase (< doubling)",0.438
"252","Birds_atlas_EBBA","Arenaria interpres","weak decrease (< halfing)",-0.128
"253","Birds_atlas_EBBA","Asio flammeus","stable",0.061
"254","Birds_atlas_EBBA","Asio otus","stable",0.087
"255","Birds_atlas_EBBA","Athene noctua","stable",-0.015
"256","Birds_atlas_EBBA","Aythya ferina","weak increase (< doubling)",0.106
"257","Birds_atlas_EBBA","Aythya fuligula","stable",0.019
"258","Birds_atlas_EBBA","Aythya marila","weak decrease (< halfing)",-0.256
"259","Birds_atlas_EBBA","Aythya nyroca","weak increase (< doubling)",0.19
"260","Birds_atlas_EBBA","Bombycilla garrulus","weak increase (< doubling)",0.666
"261","Birds_atlas_EBBA","Botaurus stellaris","weak increase (< doubling)",0.278
"262","Birds_atlas_EBBA","Branta bernicla","weak increase (< doubling)",0.343
"263","Birds_atlas_EBBA","Branta canadensis","weak increase (< doubling)",0.559
"264","Birds_atlas_EBBA","Branta leucopsis","strong increase (> doubling)",1.65
"265","Birds_atlas_EBBA","Bubo bubo","weak increase (< doubling)",0.172
"266","Birds_atlas_EBBA","Bubo scandiacus","strong decrease (> halfing)",-0.993
"267","Birds_atlas_EBBA","Bubulcus ibis","strong increase (> doubling)",1.595
"268","Birds_atlas_EBBA","Bucanetes githagineus","weak increase (< doubling)",0.161
"269","Birds_atlas_EBBA","Bucephala clangula","weak increase (< doubling)",0.2
"270","Birds_atlas_EBBA","Bulweria bulwerii","stable",0
"271","Birds_atlas_EBBA","Burhinus oedicnemus","stable",0.047
"272","Birds_atlas_EBBA","Buteo buteo","stable",0.072
"273","Birds_atlas_EBBA","Buteo lagopus","weak decrease (< halfing)",-0.111
"274","Birds_atlas_EBBA","Buteo rufinus","strong increase (> doubling)",1.172
"275","Birds_atlas_EBBA","Calandrella brachydactyla","stable",-0.094
"276","Birds_atlas_EBBA","Calcarius lapponicus","weak decrease (< halfing)",-0.204
"277","Birds_atlas_EBBA","Calidris alpina","weak decrease (< halfing)",-0.33
"278","Birds_atlas_EBBA","Calidris falcinellus","weak decrease (< halfing)",-0.255
"279","Birds_atlas_EBBA","Calidris maritima","weak decrease (< halfing)",-0.263
"280","Birds_atlas_EBBA","Calidris minuta","strong decrease (> halfing)",-0.786
"281","Birds_atlas_EBBA","Calidris pugnax","weak decrease (< halfing)",-0.618
"282","Birds_atlas_EBBA","Calidris temminckii","weak decrease (< halfing)",-0.189
"283","Birds_atlas_EBBA","Calonectris borealis","weak increase (< doubling)",0.314
"284","Birds_atlas_EBBA","Calonectris diomedea","stable",-0.001
"285","Birds_atlas_EBBA","Caprimulgus europaeus","weak increase (< doubling)",0.097
"286","Birds_atlas_EBBA","Caprimulgus ruficollis","weak increase (< doubling)",0.24
"287","Birds_atlas_EBBA","Carduelis carduelis","stable",0.084
"288","Birds_atlas_EBBA","Carduelis citrinella","stable",0.035
"289","Birds_atlas_EBBA","Carpodacus erythrinus","weak increase (< doubling)",0.186
"290","Birds_atlas_EBBA","Catharacta skua","weak increase (< doubling)",0.194
"291","Birds_atlas_EBBA","Cecropis daurica","weak increase (< doubling)",0.47
"292","Birds_atlas_EBBA","Cepphus grylle","stable",-0.03
"293","Birds_atlas_EBBA","Cercotrichas galactotes","strong decrease (> halfing)",-0.756
"294","Birds_atlas_EBBA","Certhia brachydactyla","stable",0.084
"295","Birds_atlas_EBBA","Certhia familiaris","stable",0.064
"296","Birds_atlas_EBBA","Cettia cetti","weak increase (< doubling)",0.165
"297","Birds_atlas_EBBA","Charadrius alexandrinus","stable",0.04
"298","Birds_atlas_EBBA","Charadrius dubius","weak increase (< doubling)",0.112
"299","Birds_atlas_EBBA","Charadrius hiaticula","stable",0.009
"300","Birds_atlas_EBBA","Chersophilus duponti","weak increase (< doubling)",0.251
"301","Birds_atlas_EBBA","Chlidonias hybrida","strong increase (> doubling)",0.7
"302","Birds_atlas_EBBA","Chlidonias leucopterus","weak increase (< doubling)",0.3
"303","Birds_atlas_EBBA","Chlidonias niger","weak decrease (< halfing)",-0.214
"304","Birds_atlas_EBBA","Chloris chloris","stable",0.058
"305","Birds_atlas_EBBA","Ciconia ciconia","weak increase (< doubling)",0.192
"306","Birds_atlas_EBBA","Ciconia nigra","weak increase (< doubling)",0.302
"307","Birds_atlas_EBBA","Cinclus cinclus","stable",-0.01
"308","Birds_atlas_EBBA","Circaetus gallicus","weak increase (< doubling)",0.318
"309","Birds_atlas_EBBA","Circus aeruginosus","weak increase (< doubling)",0.252
"310","Birds_atlas_EBBA","Circus cyaneus","weak decrease (< halfing)",-0.309
"311","Birds_atlas_EBBA","Circus macrourus","stable",0.004
"312","Birds_atlas_EBBA","Circus pygargus","weak increase (< doubling)",0.221
"313","Birds_atlas_EBBA","Cisticola juncidis","weak increase (< doubling)",0.229
"314","Birds_atlas_EBBA","Clamator glandarius","weak increase (< doubling)",0.219
"315","Birds_atlas_EBBA","Clanga clanga","weak increase (< doubling)",0.483
"316","Birds_atlas_EBBA","Clanga pomarina","weak increase (< doubling)",0.319
"317","Birds_atlas_EBBA","Clangula hyemalis","stable",-0.095
"318","Birds_atlas_EBBA","Coccothraustes coccothraustes","weak increase (< doubling)",0.204
"319","Birds_atlas_EBBA","Colinus virginianus","weak decrease (< halfing)",-0.236
"320","Birds_atlas_EBBA","Columba livia","weak increase (< doubling)",0.126
"321","Birds_atlas_EBBA","Columba oenas","stable",0.05
"322","Birds_atlas_EBBA","Columba palumbus","stable",0.071
"323","Birds_atlas_EBBA","Coracias garrulus","weak decrease (< halfing)",-0.202
"324","Birds_atlas_EBBA","Corvus corax","weak increase (< doubling)",0.155
"325","Birds_atlas_EBBA","Corvus corone","stable",0.024
"326","Birds_atlas_EBBA","Corvus frugilegus","stable",0.09
"327","Birds_atlas_EBBA","Corvus monedula","stable",0.042
"328","Birds_atlas_EBBA","Coturnix coturnix","weak increase (< doubling)",0.204
"329","Birds_atlas_EBBA","Crex crex","weak increase (< doubling)",0.161
"330","Birds_atlas_EBBA","Cuculus canorus","stable",0.038
"331","Birds_atlas_EBBA","Cyanistes caeruleus","stable",0.064
"332","Birds_atlas_EBBA","Cyanistes cyanus","strong increase (> doubling)",0.891
"333","Birds_atlas_EBBA","Cyanopica cooki","weak increase (< doubling)",0.107
"334","Birds_atlas_EBBA","Cygnus cygnus","strong increase (> doubling)",0.704
"335","Birds_atlas_EBBA","Cygnus olor","weak increase (< doubling)",0.346
"336","Birds_atlas_EBBA","Delichon urbicum","stable",0.011
"337","Birds_atlas_EBBA","Dendrocopos leucotos","weak increase (< doubling)",0.35
"338","Birds_atlas_EBBA","Dendrocopos major","stable",0.064
"339","Birds_atlas_EBBA","Dendrocopos syriacus","weak increase (< doubling)",0.251
"340","Birds_atlas_EBBA","Dryobates minor","weak increase (< doubling)",0.12
"341","Birds_atlas_EBBA","Dryocopus martius","weak increase (< doubling)",0.124
"342","Birds_atlas_EBBA","Egretta garzetta","strong increase (> doubling)",0.868
"343","Birds_atlas_EBBA","Elanus caeruleus","strong increase (> doubling)",0.742
"344","Birds_atlas_EBBA","Emberiza aureola","strong decrease (> halfing)",-3.296
"345","Birds_atlas_EBBA","Emberiza caesia","strong decrease (> halfing)",-0.94
"346","Birds_atlas_EBBA","Emberiza calandra","stable",0.087
"347","Birds_atlas_EBBA","Emberiza cia","stable",0.04
"348","Birds_atlas_EBBA","Emberiza cirlus","stable",0.09
"349","Birds_atlas_EBBA","Emberiza citrinella","stable",-0.02
"350","Birds_atlas_EBBA","Emberiza hortulana","weak decrease (< halfing)",-0.156
"351","Birds_atlas_EBBA","Emberiza melanocephala","weak increase (< doubling)",0.316
"352","Birds_atlas_EBBA","Emberiza pusilla","weak increase (< doubling)",0.115
"353","Birds_atlas_EBBA","Emberiza rustica","weak decrease (< halfing)",-0.248
"354","Birds_atlas_EBBA","Emberiza schoeniclus","stable",-0.005
"355","Birds_atlas_EBBA","Eremophila alpestris","weak decrease (< halfing)",-0.11
"356","Birds_atlas_EBBA","Erithacus rubecula","stable",0.04
"357","Birds_atlas_EBBA","Estrilda astrild","strong increase (> doubling)",1.015
"358","Birds_atlas_EBBA","Eudromias morinellus","weak decrease (< halfing)",-0.226
"359","Birds_atlas_EBBA","Falco biarmicus","weak decrease (< halfing)",-0.508
"360","Birds_atlas_EBBA","Falco cherrug","weak increase (< doubling)",0.178
"361","Birds_atlas_EBBA","Falco columbarius","stable",-0.101
"362","Birds_atlas_EBBA","Falco eleonorae","weak increase (< doubling)",0.22
"363","Birds_atlas_EBBA","Falco naumanni","weak decrease (< halfing)",-0.173
"364","Birds_atlas_EBBA","Falco peregrinus","weak increase (< doubling)",0.642
"365","Birds_atlas_EBBA","Falco rusticolus","stable",0.036
"366","Birds_atlas_EBBA","Falco subbuteo","weak increase (< doubling)",0.165
"367","Birds_atlas_EBBA","Falco tinnunculus","stable",0.04
"368","Birds_atlas_EBBA","Falco vespertinus","stable",-0.051
"369","Birds_atlas_EBBA","Ficedula albicollis","weak increase (< doubling)",0.402
"370","Birds_atlas_EBBA","Ficedula hypoleuca","stable",-0.05
"371","Birds_atlas_EBBA","Ficedula parva","weak increase (< doubling)",0.196
"372","Birds_atlas_EBBA","Ficedula semitorquata","weak increase (< doubling)",0.215
"373","Birds_atlas_EBBA","Fratercula arctica","stable",-0.043
"374","Birds_atlas_EBBA","Fringilla coelebs","stable",0.028
"375","Birds_atlas_EBBA","Fringilla montifringilla","weak decrease (< halfing)",-0.176
"376","Birds_atlas_EBBA","Fulica atra","stable",0.081
"377","Birds_atlas_EBBA","Fulica cristata","strong increase (> doubling)",1.195
"378","Birds_atlas_EBBA","Fulmarus glacialis","stable",-0.05
"379","Birds_atlas_EBBA","Galerida cristata","weak decrease (< halfing)",-0.132
"380","Birds_atlas_EBBA","Galerida theklae","weak increase (< doubling)",0.256
"381","Birds_atlas_EBBA","Gallinago gallinago","stable",-0.085
"382","Birds_atlas_EBBA","Gallinago media","weak increase (< doubling)",0.191
"383","Birds_atlas_EBBA","Gallinula chloropus","stable",0.065
"384","Birds_atlas_EBBA","Garrulus glandarius","stable",0.034
"385","Birds_atlas_EBBA","Gavia arctica","stable",-0.018
"386","Birds_atlas_EBBA","Gavia immer","stable",0.068
"387","Birds_atlas_EBBA","Gavia stellata","stable",0.09
"388","Birds_atlas_EBBA","Gelochelidon nilotica","weak increase (< doubling)",0.624
"389","Birds_atlas_EBBA","Glareola nordmanni","strong decrease (> halfing)",-2.002
"390","Birds_atlas_EBBA","Glareola pratincola","stable",0.005
"391","Birds_atlas_EBBA","Glaucidium passerinum","weak increase (< doubling)",0.401
"392","Birds_atlas_EBBA","Grus grus","weak increase (< doubling)",0.306
"393","Birds_atlas_EBBA","Gulosus aristotelis","weak increase (< doubling)",0.181
"394","Birds_atlas_EBBA","Gypaetus barbatus","stable",0.057
"395","Birds_atlas_EBBA","Gyps fulvus","stable",0.095
"396","Birds_atlas_EBBA","Haematopus ostralegus","weak increase (< doubling)",0.15
"397","Birds_atlas_EBBA","Haliaeetus albicilla","strong increase (> doubling)",1.046
"398","Birds_atlas_EBBA","Hieraaetus pennatus","weak increase (< doubling)",0.317
"399","Birds_atlas_EBBA","Himantopus himantopus","strong increase (> doubling)",0.742
"400","Birds_atlas_EBBA","Hippolais icterina","stable",0.034
"401","Birds_atlas_EBBA","Hippolais olivetorum","weak increase (< doubling)",0.122
"402","Birds_atlas_EBBA","Hippolais polyglotta","weak increase (< doubling)",0.097
"403","Birds_atlas_EBBA","Hirundo rustica","stable",0.023
"404","Birds_atlas_EBBA","Hydrobates castro","weak increase (< doubling)",0.154
"405","Birds_atlas_EBBA","Hydrobates leucorhous","weak increase (< doubling)",0.207
"406","Birds_atlas_EBBA","Hydrobates pelagicus","stable",0.058
"407","Birds_atlas_EBBA","Hydrocoloeus minutus","weak increase (< doubling)",0.191
"408","Birds_atlas_EBBA","Hydroprogne caspia","weak increase (< doubling)",0.177
"409","Birds_atlas_EBBA","Iduna opaca","stable",0.012
"410","Birds_atlas_EBBA","Iduna pallida","weak increase (< doubling)",0.097
"411","Birds_atlas_EBBA","Ixobrychus minutus","weak increase (< doubling)",0.246
"412","Birds_atlas_EBBA","Jynx torquilla","stable",0.079
"413","Birds_atlas_EBBA","Lagopus lagopus","weak decrease (< halfing)",-0.179
"414","Birds_atlas_EBBA","Lagopus muta","stable",-0.027
"415","Birds_atlas_EBBA","Lanius collurio","stable",0.031
"416","Birds_atlas_EBBA","Lanius excubitor","stable",-0.049
"417","Birds_atlas_EBBA","Lanius meridionalis","stable",-0.03
"418","Birds_atlas_EBBA","Lanius minor","stable",0.075
"419","Birds_atlas_EBBA","Lanius nubicus","stable",-0.09
"420","Birds_atlas_EBBA","Lanius senator","stable",-0.081
"421","Birds_atlas_EBBA","Larus argentatus","stable",0.062
"422","Birds_atlas_EBBA","Larus audouinii","weak increase (< doubling)",0.595
"423","Birds_atlas_EBBA","Larus cachinnans","strong increase (> doubling)",2.057
"424","Birds_atlas_EBBA","Larus canus","stable",0.033
"425","Birds_atlas_EBBA","Larus fuscus","weak increase (< doubling)",0.182
"426","Birds_atlas_EBBA","Larus genei","strong increase (> doubling)",1.078
"427","Birds_atlas_EBBA","Larus hyperboreus","weak increase (< doubling)",0.178
"428","Birds_atlas_EBBA","Larus ichthyaetus","weak increase (< doubling)",0.1
"429","Birds_atlas_EBBA","Larus marinus","weak increase (< doubling)",0.126
"430","Birds_atlas_EBBA","Larus melanocephalus","strong increase (> doubling)",1.165
"431","Birds_atlas_EBBA","Larus michahellis","strong increase (> doubling)",0.72
"432","Birds_atlas_EBBA","Larus ridibundus","stable",-0.005
"433","Birds_atlas_EBBA","Leiopicus medius","weak increase (< doubling)",0.308
"434","Birds_atlas_EBBA","Limosa lapponica","weak increase (< doubling)",0.116
"435","Birds_atlas_EBBA","Limosa limosa","weak decrease (< halfing)",-0.276
"436","Birds_atlas_EBBA","Linaria cannabina","stable",0.03
"437","Birds_atlas_EBBA","Linaria flavirostris","stable",-0.064
"438","Birds_atlas_EBBA","Locustella fluviatilis","weak increase (< doubling)",0.308
"439","Birds_atlas_EBBA","Locustella luscinioides","weak increase (< doubling)",0.35
"440","Birds_atlas_EBBA","Locustella naevia","weak increase (< doubling)",0.096
"441","Birds_atlas_EBBA","Lophophanes cristatus","stable",0.046
"442","Birds_atlas_EBBA","Loxia curvirostra","weak increase (< doubling)",0.149
"443","Birds_atlas_EBBA","Loxia leucoptera","weak decrease (< halfing)",-0.108
"444","Birds_atlas_EBBA","Loxia pytyopsittacus","stable",-0.071
"445","Birds_atlas_EBBA","Lullula arborea","weak increase (< doubling)",0.164
"446","Birds_atlas_EBBA","Luscinia luscinia","stable",0.046
"447","Birds_atlas_EBBA","Luscinia megarhynchos","stable",0.046
"448","Birds_atlas_EBBA","Lymnocryptes minimus","weak decrease (< halfing)",-0.109
"449","Birds_atlas_EBBA","Lyrurus tetrix","weak decrease (< halfing)",-0.113
"450","Birds_atlas_EBBA","Mareca penelope","stable",0.003
"451","Birds_atlas_EBBA","Mareca strepera","weak increase (< doubling)",0.656
"452","Birds_atlas_EBBA","Marmaronetta angustirostris","weak increase (< doubling)",0.124
"453","Birds_atlas_EBBA","Melanitta fusca","weak decrease (< halfing)",-0.197
"454","Birds_atlas_EBBA","Melanitta nigra","weak decrease (< halfing)",-0.172
"455","Birds_atlas_EBBA","Melanocorypha calandra","stable",-0.059
"456","Birds_atlas_EBBA","Mergellus albellus","weak increase (< doubling)",0.454
"457","Birds_atlas_EBBA","Mergus merganser","weak increase (< doubling)",0.338
"458","Birds_atlas_EBBA","Mergus serrator","stable",-0.058
"459","Birds_atlas_EBBA","Merops apiaster","weak increase (< doubling)",0.478
"460","Birds_atlas_EBBA","Microcarbo pygmaeus","strong increase (> doubling)",0.889
"461","Birds_atlas_EBBA","Milvus migrans","weak increase (< doubling)",0.1
"462","Birds_atlas_EBBA","Milvus milvus","weak increase (< doubling)",0.246
"463","Birds_atlas_EBBA","Monticola saxatilis","weak decrease (< halfing)",-0.226
"464","Birds_atlas_EBBA","Monticola solitarius","weak increase (< doubling)",0.139
"465","Birds_atlas_EBBA","Montifringilla nivalis","stable",0.029
"466","Birds_atlas_EBBA","Morus bassanus","weak increase (< doubling)",0.182
"467","Birds_atlas_EBBA","Motacilla alba","stable",0.03
"468","Birds_atlas_EBBA","Motacilla cinerea","weak increase (< doubling)",0.185
"469","Birds_atlas_EBBA","Motacilla citreola","strong increase (> doubling)",1.561
"470","Birds_atlas_EBBA","Motacilla flava","stable",0
"471","Birds_atlas_EBBA","Muscicapa striata","stable",0.024
"472","Birds_atlas_EBBA","Myiopsitta monachus","strong increase (> doubling)",2.108
"473","Birds_atlas_EBBA","Neophron percnopterus","weak decrease (< halfing)",-0.294
"474","Birds_atlas_EBBA","Netta rufina","strong increase (> doubling)",0.792
"475","Birds_atlas_EBBA","Nucifraga caryocatactes","weak increase (< doubling)",0.122
"476","Birds_atlas_EBBA","Numenius arquata","stable",-0.025
"477","Birds_atlas_EBBA","Numenius phaeopus","stable",-0.007
"478","Birds_atlas_EBBA","Nycticorax nycticorax","weak increase (< doubling)",0.436
"479","Birds_atlas_EBBA","Oenanthe hispanica","weak decrease (< halfing)",-0.142
"480","Birds_atlas_EBBA","Oenanthe isabellina","strong increase (> doubling)",0.998
"481","Birds_atlas_EBBA","Oenanthe leucura","weak decrease (< halfing)",-0.209
"482","Birds_atlas_EBBA","Oenanthe oenanthe","stable",-0.017
"483","Birds_atlas_EBBA","Oenanthe pleschanka","weak increase (< doubling)",0.383
"484","Birds_atlas_EBBA","Oriolus oriolus","stable",0.042
"485","Birds_atlas_EBBA","Otis tarda","weak decrease (< halfing)",-0.4
"486","Birds_atlas_EBBA","Otus scops","weak increase (< doubling)",0.251
"487","Birds_atlas_EBBA","Oxyura jamaicensis","weak decrease (< halfing)",-0.673
"488","Birds_atlas_EBBA","Oxyura leucocephala","weak increase (< doubling)",0.293
"489","Birds_atlas_EBBA","Pandion haliaetus","weak increase (< doubling)",0.099
"490","Birds_atlas_EBBA","Panurus biarmicus","weak increase (< doubling)",0.67
"491","Birds_atlas_EBBA","Parus major","stable",0.026
"492","Birds_atlas_EBBA","Passer domesticus","stable",-0.006
"493","Birds_atlas_EBBA","Passer hispaniolensis","weak increase (< doubling)",0.439
"494","Birds_atlas_EBBA","Passer italiae","stable",-0.001
"495","Birds_atlas_EBBA","Passer montanus","stable",0.085
"496","Birds_atlas_EBBA","Pastor roseus","weak decrease (< halfing)",-0.268
"497","Birds_atlas_EBBA","Pelecanus crispus","weak increase (< doubling)",0.557
"498","Birds_atlas_EBBA","Pelecanus onocrotalus","weak increase (< doubling)",0.318
"499","Birds_atlas_EBBA","Perdix perdix","stable",-0.071
"500","Birds_atlas_EBBA","Periparus ater","stable",0.038
"501","Birds_atlas_EBBA","Perisoreus infaustus","stable",-0.105
"502","Birds_atlas_EBBA","Pernis apivorus","weak increase (< doubling)",0.163
"503","Birds_atlas_EBBA","Petronia petronia","stable",-0.061
"504","Birds_atlas_EBBA","Phalacrocorax carbo","strong increase (> doubling)",1.026
"505","Birds_atlas_EBBA","Phalaropus fulicarius","weak decrease (< halfing)",-0.181
"506","Birds_atlas_EBBA","Phalaropus lobatus","weak decrease (< halfing)",-0.283
"507","Birds_atlas_EBBA","Phasianus colchicus","weak increase (< doubling)",0.102
"508","Birds_atlas_EBBA","Phoenicopterus roseus","strong increase (> doubling)",1.028
"509","Birds_atlas_EBBA","Phoenicurus ochruros","weak increase (< doubling)",0.153
"510","Birds_atlas_EBBA","Phoenicurus phoenicurus","stable",0.053
"511","Birds_atlas_EBBA","Phylloscopus bonelli","stable",0.037
"512","Birds_atlas_EBBA","Phylloscopus borealis","weak decrease (< halfing)",-0.62
"513","Birds_atlas_EBBA","Phylloscopus collybita","stable",0.082
"514","Birds_atlas_EBBA","Phylloscopus orientalis","stable",-0.094
"515","Birds_atlas_EBBA","Phylloscopus sibilatrix","stable",0.011
"516","Birds_atlas_EBBA","Phylloscopus trochiloides","weak increase (< doubling)",0.69
"517","Birds_atlas_EBBA","Phylloscopus trochilus","stable",-0.001
"518","Birds_atlas_EBBA","Pica pica","stable",0.019
"519","Birds_atlas_EBBA","Picoides tridactylus","weak increase (< doubling)",0.112
"520","Birds_atlas_EBBA","Picus canus","weak increase (< doubling)",0.244
"521","Birds_atlas_EBBA","Picus viridis","stable",0.002
"522","Birds_atlas_EBBA","Pinicola enucleator","weak decrease (< halfing)",-0.648
"523","Birds_atlas_EBBA","Platalea leucorodia","strong increase (> doubling)",1.043
"524","Birds_atlas_EBBA","Plectrophenax nivalis","weak decrease (< halfing)",-0.261
"525","Birds_atlas_EBBA","Plegadis falcinellus","strong increase (> doubling)",0.758
"526","Birds_atlas_EBBA","Pluvialis apricaria","stable",-0.041
"527","Birds_atlas_EBBA","Podiceps auritus","stable",0.039
"528","Birds_atlas_EBBA","Podiceps cristatus","weak increase (< doubling)",0.185
"529","Birds_atlas_EBBA","Podiceps grisegena","weak increase (< doubling)",0.119
"530","Birds_atlas_EBBA","Podiceps nigricollis","stable",0.094
"531","Birds_atlas_EBBA","Poecile cinctus","weak decrease (< halfing)",-0.394
"532","Birds_atlas_EBBA","Poecile lugubris","weak increase (< doubling)",0.2
"533","Birds_atlas_EBBA","Poecile montanus","stable",-0.01
"534","Birds_atlas_EBBA","Poecile palustris","stable",0.022
"535","Birds_atlas_EBBA","Porphyrio porphyrio","strong increase (> doubling)",1.036
"536","Birds_atlas_EBBA","Porzana porzana","stable",-0.017
"537","Birds_atlas_EBBA","Prunella collaris","weak decrease (< halfing)",-0.191
"538","Birds_atlas_EBBA","Prunella modularis","stable",-0.046
"539","Birds_atlas_EBBA","Pterocles alchata","weak decrease (< halfing)",-0.214
"540","Birds_atlas_EBBA","Pterocles orientalis","stable",-0.054
"541","Birds_atlas_EBBA","Ptyonoprogne rupestris","weak increase (< doubling)",0.189
"542","Birds_atlas_EBBA","Puffinus lherminieri","weak increase (< doubling)",0.435
"543","Birds_atlas_EBBA","Puffinus mauretanicus","weak increase (< doubling)",0.288
"544","Birds_atlas_EBBA","Puffinus puffinus","weak decrease (< halfing)",-0.263
"545","Birds_atlas_EBBA","Puffinus yelkouan","weak decrease (< halfing)",-0.353
"546","Birds_atlas_EBBA","Pyrrhocorax graculus","stable",0.009
"547","Birds_atlas_EBBA","Pyrrhocorax pyrrhocorax","stable",0.036
"548","Birds_atlas_EBBA","Pyrrhula pyrrhula","stable",-0.001
"549","Birds_atlas_EBBA","Rallus aquaticus","weak increase (< doubling)",0.105
"550","Birds_atlas_EBBA","Recurvirostra avosetta","weak increase (< doubling)",0.498
"551","Birds_atlas_EBBA","Regulus ignicapilla","weak increase (< doubling)",0.3
"552","Birds_atlas_EBBA","Regulus regulus","stable",0.048
"553","Birds_atlas_EBBA","Remiz pendulinus","weak increase (< doubling)",0.171
"554","Birds_atlas_EBBA","Riparia riparia","stable",0.014
"555","Birds_atlas_EBBA","Rissa tridactyla","stable",-0.069
"556","Birds_atlas_EBBA","Saxicola rubetra","stable",-0.054
"557","Birds_atlas_EBBA","Saxicola torquatus","weak increase (< doubling)",0.239
"558","Birds_atlas_EBBA","Scolopax rusticola","stable",-0.025
"559","Birds_atlas_EBBA","Serinus serinus","stable",0.042
"560","Birds_atlas_EBBA","Sitta europaea","stable",0.061
"561","Birds_atlas_EBBA","Sitta neumayer","weak increase (< doubling)",0.125
"562","Birds_atlas_EBBA","Somateria mollissima","stable",0.078
"563","Birds_atlas_EBBA","Somateria spectabilis","stable",-0.095
"564","Birds_atlas_EBBA","Spatula clypeata","weak increase (< doubling)",0.159
"565","Birds_atlas_EBBA","Spatula querquedula","stable",0.008
"566","Birds_atlas_EBBA","Spilopelia senegalensis","strong increase (> doubling)",1.504
"567","Birds_atlas_EBBA","Spinus spinus","stable",0.06
"568","Birds_atlas_EBBA","Stercorarius longicaudus","stable",-0.089
"569","Birds_atlas_EBBA","Stercorarius parasiticus","stable",-0.105
"570","Birds_atlas_EBBA","Sterna dougallii","weak decrease (< halfing)",-0.153
"571","Birds_atlas_EBBA","Sterna hirundo","stable",0.079
"572","Birds_atlas_EBBA","Sterna paradisaea","stable",-0.023
"573","Birds_atlas_EBBA","Sternula albifrons","stable",0.079
"574","Birds_atlas_EBBA","Streptopelia decaocto","weak increase (< doubling)",0.191
"575","Birds_atlas_EBBA","Streptopelia turtur","stable",-0.007
"576","Birds_atlas_EBBA","Strix aluco","stable",0.021
"577","Birds_atlas_EBBA","Strix nebulosa","weak increase (< doubling)",0.565
"578","Birds_atlas_EBBA","Strix uralensis","weak increase (< doubling)",0.319
"579","Birds_atlas_EBBA","Sturnus unicolor","weak increase (< doubling)",0.101
"580","Birds_atlas_EBBA","Sturnus vulgaris","stable",0.035
"581","Birds_atlas_EBBA","Surnia ulula","stable",0.014
"582","Birds_atlas_EBBA","Sylvia atricapilla","stable",0.058
"583","Birds_atlas_EBBA","Sylvia borin","stable",-0.001
"584","Birds_atlas_EBBA","Syrmaticus reevesii","weak increase (< doubling)",0.371
"585","Birds_atlas_EBBA","Tachybaptus ruficollis","weak increase (< doubling)",0.148
"586","Birds_atlas_EBBA","Tachymarptis melba","weak increase (< doubling)",0.186
"587","Birds_atlas_EBBA","Tadorna ferruginea","strong increase (> doubling)",1.54
"588","Birds_atlas_EBBA","Tadorna tadorna","weak increase (< doubling)",0.526
"589","Birds_atlas_EBBA","Tarsiger cyanurus","strong increase (> doubling)",3.125
"590","Birds_atlas_EBBA","Tetrao urogallus","weak decrease (< halfing)",-0.114
"591","Birds_atlas_EBBA","Tetrax tetrax","weak decrease (< halfing)",-0.155
"592","Birds_atlas_EBBA","Thalasseus sandvicensis","weak increase (< doubling)",0.286
"593","Birds_atlas_EBBA","Tichodroma muraria","weak decrease (< halfing)",-0.218
"594","Birds_atlas_EBBA","Tringa erythropus","weak decrease (< halfing)",-0.149
"595","Birds_atlas_EBBA","Tringa glareola","stable",0.007
"596","Birds_atlas_EBBA","Tringa nebularia","stable",0.043
"597","Birds_atlas_EBBA","Tringa ochropus","stable",0.059
"598","Birds_atlas_EBBA","Tringa stagnatilis","weak increase (< doubling)",0.406
"599","Birds_atlas_EBBA","Tringa totanus","stable",0.018
"600","Birds_atlas_EBBA","Troglodytes troglodytes","stable",0.028
"601","Birds_atlas_EBBA","Turdus iliacus","stable",-0.102
"602","Birds_atlas_EBBA","Turdus merula","stable",0.041
"603","Birds_atlas_EBBA","Turdus philomelos","stable",0.086
"604","Birds_atlas_EBBA","Turdus pilaris","stable",0.014
"605","Birds_atlas_EBBA","Turdus torquatus","stable",-0.041
"606","Birds_atlas_EBBA","Turdus viscivorus","weak increase (< doubling)",0.114
"607","Birds_atlas_EBBA","Tyto alba","stable",0.047
"608","Birds_atlas_EBBA","Upupa epops","stable",0.062
"609","Birds_atlas_EBBA","Uria aalge","stable",-0.003
"610","Birds_atlas_EBBA","Uria lomvia","stable",-0.079
"611","Birds_atlas_EBBA","Vanellus vanellus","stable",0
"612","Birds_atlas_EBBA","Xenus cinereus","strong increase (> doubling)",0.824
"613","Birds_atlas_EBBA","Zapornia parva","weak increase (< doubling)",0.449
"614","Birds_atlas_EBBA","Zapornia pusilla","weak decrease (< halfing)",-0.52
"615","Birds_atlas_Japan","Accipiter gentilis","stable",-0.082
"616","Birds_atlas_Japan","Accipiter gularis","weak decrease (< halfing)",-0.266
"617","Birds_atlas_Japan","Accipiter nisus","strong decrease (> halfing)",-0.869
"618","Birds_atlas_Japan","Acrocephalus bistrigiceps","weak decrease (< halfing)",-0.596
"619","Birds_atlas_Japan","Acrocephalus orientalis","stable",0.003
"620","Birds_atlas_Japan","Actitis hypoleucos","weak decrease (< halfing)",-0.434
"621","Birds_atlas_Japan","Aegithalos caudatus","stable",-0.095
"622","Birds_atlas_Japan","Agropsar philippensis","stable",0.083
"623","Birds_atlas_Japan","Aix galericulata","weak increase (< doubling)",0.27
"624","Birds_atlas_Japan","Alauda arvensis","stable",-0.003
"625","Birds_atlas_Japan","Alcedo atthis","stable",-0.093
"626","Birds_atlas_Japan","Amaurornis phoenicurus","weak decrease (< halfing)",-0.239
"627","Birds_atlas_Japan","Anas clypeata","strong decrease (> halfing)",-0.699
"628","Birds_atlas_Japan","Anas crecca","weak decrease (< halfing)",-0.197
"629","Birds_atlas_Japan","Anas falcata","weak increase (< doubling)",0.39
"630","Birds_atlas_Japan","Anas platyrhynchos","stable",-0.012
"631","Birds_atlas_Japan","Anas strepera","strong increase (> doubling)",1.178
"632","Birds_atlas_Japan","Anous stolidus","stable",0
"633","Birds_atlas_Japan","Anthus hodgsoni","weak decrease (< halfing)",-0.448
"634","Birds_atlas_Japan","Apalopteron familiare","stable",0
"635","Birds_atlas_Japan","Apus nipalensis","strong decrease (> halfing)",-0.77
"636","Birds_atlas_Japan","Apus pacificus","weak decrease (< halfing)",-0.507
"637","Birds_atlas_Japan","Ardea alba","weak increase (< doubling)",0.443
"638","Birds_atlas_Japan","Ardea cinerea","weak increase (< doubling)",0.202
"639","Birds_atlas_Japan","Ardea purpurea","strong decrease (> halfing)",-1.388
"640","Birds_atlas_Japan","Asio otus","weak decrease (< halfing)",-0.675
"641","Birds_atlas_Japan","Aythya ferina","strong decrease (> halfing)",-0.947
"642","Birds_atlas_Japan","Aythya fuligula","weak decrease (< halfing)",-0.338
"643","Birds_atlas_Japan","Bambusicola thoracicus","weak decrease (< halfing)",-0.137
"644","Birds_atlas_Japan","Bubulcus ibis","strong decrease (> halfing)",-0.995
"645","Birds_atlas_Japan","Butastur indicus","weak decrease (< halfing)",-0.325
"646","Birds_atlas_Japan","Buteo buteo","weak increase (< doubling)",0.325
"647","Birds_atlas_Japan","Butorides striata","strong decrease (> halfing)",-0.88
"648","Birds_atlas_Japan","Calonectris leucomelas","weak decrease (< halfing)",-0.281
"649","Birds_atlas_Japan","Caprimulgus indicus","strong increase (> doubling)",0.784
"650","Birds_atlas_Japan","Carduelis spinus","weak decrease (< halfing)",-0.409
"651","Birds_atlas_Japan","Cepphus carbo","weak increase (< doubling)",0.685
"652","Birds_atlas_Japan","Cerorhinca monocerata","strong decrease (> halfing)",-1.11
"653","Birds_atlas_Japan","Certhia familiaris","strong increase (> doubling)",0.942
"654","Birds_atlas_Japan","Cettia diphone","stable",0.01
"655","Birds_atlas_Japan","Chalcophaps indica","weak increase (< doubling)",0.47
"656","Birds_atlas_Japan","Charadrius alexandrinus","strong decrease (> halfing)",-0.871
"657","Birds_atlas_Japan","Charadrius dubius","stable",-0.1
"658","Birds_atlas_Japan","Charadrius placidus","weak increase (< doubling)",0.125
"659","Birds_atlas_Japan","Chloris sinica","stable",-0.007
"660","Birds_atlas_Japan","Cinclus pallasii","stable",0.048
"661","Birds_atlas_Japan","Circus spilonotus","weak decrease (< halfing)",-0.167
"662","Birds_atlas_Japan","Cisticola juncidis","weak decrease (< halfing)",-0.148
"663","Birds_atlas_Japan","Coccothraustes coccothraustes","stable",-0.071
"664","Birds_atlas_Japan","Columba janthina","stable",-0.058
"665","Birds_atlas_Japan","Columba livia","weak increase (< doubling)",0.157
"666","Birds_atlas_Japan","Corvus corone","stable",-0.03
"667","Birds_atlas_Japan","Corvus macrorhynchos","stable",0.067
"668","Birds_atlas_Japan","Cuculus canorus","stable",0.035
"669","Birds_atlas_Japan","Cuculus micropterus","strong increase (> doubling)",2.048
"670","Birds_atlas_Japan","Cuculus optatus","stable",0.082
"671","Birds_atlas_Japan","Cuculus poliocephalus","weak increase (< doubling)",0.288
"672","Birds_atlas_Japan","Cyanopica cyanus","weak decrease (< halfing)",-0.467
"673","Birds_atlas_Japan","Cyanoptila cyanomelana","stable",0.085
"674","Birds_atlas_Japan","Cygnus olor","strong increase (> doubling)",1.064
"675","Birds_atlas_Japan","Delichon dasypus","weak decrease (< halfing)",-0.25
"676","Birds_atlas_Japan","Dendrocopos kizuki","stable",0.043
"677","Birds_atlas_Japan","Dendrocopos leucotos","weak increase (< doubling)",0.491
"678","Birds_atlas_Japan","Dendrocopos major","stable",0.05
"679","Birds_atlas_Japan","Dendrocopos minor","weak decrease (< halfing)",-0.593
"680","Birds_atlas_Japan","Dryocopus martius","weak increase (< doubling)",0.571
"681","Birds_atlas_Japan","Egretta garzetta","strong decrease (> halfing)",-0.878
"682","Birds_atlas_Japan","Egretta intermedia","weak decrease (< halfing)",-0.24
"683","Birds_atlas_Japan","Egretta sacra","weak decrease (< halfing)",-0.53
"684","Birds_atlas_Japan","Emberiza cioides","stable",-0.016
"685","Birds_atlas_Japan","Emberiza fucata","stable",0.074
"686","Birds_atlas_Japan","Emberiza schoeniclus","weak decrease (< halfing)",-0.363
"687","Birds_atlas_Japan","Emberiza spodocephala","weak decrease (< halfing)",-0.139
"688","Birds_atlas_Japan","Emberiza sulphurata","weak increase (< doubling)",0.224
"689","Birds_atlas_Japan","Emberiza variabilis","weak increase (< doubling)",0.44
"690","Birds_atlas_Japan","Emberiza yessoensis","weak decrease (< halfing)",-0.379
"691","Birds_atlas_Japan","Eophona personata","weak increase (< doubling)",0.149
"692","Birds_atlas_Japan","Eurystomus orientalis","weak decrease (< halfing)",-0.36
"693","Birds_atlas_Japan","Falco peregrinus","weak increase (< doubling)",0.346
"694","Birds_atlas_Japan","Falco subbuteo","weak decrease (< halfing)",-0.362
"695","Birds_atlas_Japan","Falco tinnunculus","stable",0.057
"696","Birds_atlas_Japan","Ficedula narcissina","weak increase (< doubling)",0.374
"697","Birds_atlas_Japan","Fulica atra","weak increase (< doubling)",0.523
"698","Birds_atlas_Japan","Gallinago hardwickii","weak decrease (< halfing)",-0.136
"699","Birds_atlas_Japan","Gallinula chloropus","weak decrease (< halfing)",-0.671
"700","Birds_atlas_Japan","Gallirallus okinawae","weak increase (< doubling)",0.405
"701","Birds_atlas_Japan","Garrulax canorus","strong increase (> doubling)",2.544
"702","Birds_atlas_Japan","Garrulus glandarius","weak decrease (< halfing)",-0.138
"703","Birds_atlas_Japan","Garrulus lidthi","stable",0
"704","Birds_atlas_Japan","Glareola maldivarum","stable",0
"705","Birds_atlas_Japan","Gorsachius goisagi","weak increase (< doubling)",0.554
"706","Birds_atlas_Japan","Grus japonensis","strong increase (> doubling)",0.746
"707","Birds_atlas_Japan","Halcyon coromanda","weak increase (< doubling)",0.568
"708","Birds_atlas_Japan","Haliaeetus albicilla","weak increase (< doubling)",0.691
"709","Birds_atlas_Japan","Hierococcyx hyperythrus","stable",-0.042
"710","Birds_atlas_Japan","Himantopus himantopus","strong increase (> doubling)",0.963
"711","Birds_atlas_Japan","Hirundapus caudacutus","weak decrease (< halfing)",-0.588
"712","Birds_atlas_Japan","Hirundo daurica","weak decrease (< halfing)",-0.381
"713","Birds_atlas_Japan","Hirundo rustica","stable",-0.095
"714","Birds_atlas_Japan","Hirundo tahitica","stable",0.084
"715","Birds_atlas_Japan","Histrionicus histrionicus","stable",-0.001
"716","Birds_atlas_Japan","Hypsipetes amaurotis","stable",0.014
"717","Birds_atlas_Japan","Ixobrychus cinnamomeus","weak increase (< doubling)",0.692
"718","Birds_atlas_Japan","Ixobrychus sinensis","strong decrease (> halfing)",-0.711
"719","Birds_atlas_Japan","Jynx torquilla","weak increase (< doubling)",0.306
"720","Birds_atlas_Japan","Lagopus muta","weak increase (< doubling)",0.405
"721","Birds_atlas_Japan","Lanius bucephalus","stable",-0.042
"722","Birds_atlas_Japan","Lanius cristatus","strong decrease (> halfing)",-1.453
"723","Birds_atlas_Japan","Lanius tigrinus","strong decrease (> halfing)",-0.708
"724","Birds_atlas_Japan","Larus crassirostris","weak decrease (< halfing)",-0.148
"725","Birds_atlas_Japan","Larus schistisagus","stable",0.045
"726","Birds_atlas_Japan","Leiothrix lutea","strong increase (> doubling)",1.35
"727","Birds_atlas_Japan","Locustella lanceolata","stable",0.001
"728","Birds_atlas_Japan","Lonchura punctulata","strong increase (> doubling)",0.812
"729","Birds_atlas_Japan","Loxia curvirostra","weak decrease (< halfing)",-0.646
"730","Birds_atlas_Japan","Luscinia akahige","weak decrease (< halfing)",-0.288
"731","Birds_atlas_Japan","Luscinia calliope","weak decrease (< halfing)",-0.238
"732","Birds_atlas_Japan","Luscinia cyane","weak decrease (< halfing)",-0.122
"733","Birds_atlas_Japan","Luscinia komadori","stable",-0.076
"734","Birds_atlas_Japan","Megaceryle lugubris","weak decrease (< halfing)",-0.475
"735","Birds_atlas_Japan","Mergus merganser","stable",0.056
"736","Birds_atlas_Japan","Milvus migrans","weak decrease (< halfing)",-0.191
"737","Birds_atlas_Japan","Monticola solitarius","weak increase (< doubling)",0.29
"738","Birds_atlas_Japan","Motacilla alba","weak increase (< doubling)",0.18
"739","Birds_atlas_Japan","Motacilla cinerea","stable",-0.09
"740","Birds_atlas_Japan","Motacilla flava","stable",0.09
"741","Birds_atlas_Japan","Motacilla grandis","weak decrease (< halfing)",-0.282
"742","Birds_atlas_Japan","Muscicapa dauurica","weak increase (< doubling)",0.452
"743","Birds_atlas_Japan","Muscicapa sibirica","strong decrease (> halfing)",-0.87
"744","Birds_atlas_Japan","Ninox scutulata","weak increase (< doubling)",0.216
"745","Birds_atlas_Japan","Nisaetus nipalensis","stable",0.003
"746","Birds_atlas_Japan","Nucifraga caryocatactes","weak decrease (< halfing)",-0.15
"747","Birds_atlas_Japan","Nycticorax nycticorax","strong decrease (> halfing)",-0.833
"748","Birds_atlas_Japan","Otus elegans","weak decrease (< halfing)",-0.223
"749","Birds_atlas_Japan","Otus lempiji","weak decrease (< halfing)",-0.117
"750","Birds_atlas_Japan","Otus sunia","strong decrease (> halfing)",-2.084
"751","Birds_atlas_Japan","Pandion haliaetus","weak increase (< doubling)",0.352
"752","Birds_atlas_Japan","Parus minor","stable",0.051
"753","Birds_atlas_Japan","Passer montanus","weak decrease (< halfing)",-0.109
"754","Birds_atlas_Japan","Passer rutilans","stable",-0.079
"755","Birds_atlas_Japan","Pericrocotus divaricatus","strong increase (> doubling)",0.848
"756","Birds_atlas_Japan","Periparus ater","weak increase (< doubling)",0.14
"757","Birds_atlas_Japan","Pernis ptilorhynchus","weak decrease (< halfing)",-0.417
"758","Birds_atlas_Japan","Phalacrocorax capillatus","weak decrease (< halfing)",-0.153
"759","Birds_atlas_Japan","Phalacrocorax carbo","strong increase (> doubling)",1.132
"760","Birds_atlas_Japan","Phalacrocorax pelagicus","weak decrease (< halfing)",-0.199
"761","Birds_atlas_Japan","Phasianus colchicus","stable",-0.027
"762","Birds_atlas_Japan","Phoenicurus auroreus","strong increase (> doubling)",1.56
"763","Birds_atlas_Japan","Phylloscopus borealoides","weak increase (< doubling)",0.261
"764","Birds_atlas_Japan","Phylloscopus coronatus","weak increase (< doubling)",0.164
"765","Birds_atlas_Japan","Phylloscopus ijimae","weak decrease (< halfing)",-0.281
"766","Birds_atlas_Japan","Phylloscopus xanthodryas","strong decrease (> halfing)",-0.752
"767","Birds_atlas_Japan","Pica pica","weak decrease (< halfing)",-0.377
"768","Birds_atlas_Japan","Picus awokera","weak increase (< doubling)",0.229
"769","Birds_atlas_Japan","Picus canus","strong increase (> doubling)",0.708
"770","Birds_atlas_Japan","Pinicola enucleator","weak decrease (< halfing)",-0.41
"771","Birds_atlas_Japan","Pitta nympha","strong increase (> doubling)",1.206
"772","Birds_atlas_Japan","Podiceps cristatus","strong increase (> doubling)",0.87
"773","Birds_atlas_Japan","Poecile montanus","weak increase (< doubling)",0.123
"774","Birds_atlas_Japan","Poecile palustris","weak decrease (< halfing)",-0.274
"775","Birds_atlas_Japan","Poecile varius","weak increase (< doubling)",0.124
"776","Birds_atlas_Japan","Porzana fusca","weak increase (< doubling)",0.312
"777","Birds_atlas_Japan","Prunella collaris","stable",0.006
"778","Birds_atlas_Japan","Prunella rubida","weak decrease (< halfing)",-0.439
"779","Birds_atlas_Japan","Pycnonotus sinensis","weak increase (< doubling)",0.168
"780","Birds_atlas_Japan","Pyrrhula pyrrhula","weak decrease (< halfing)",-0.136
"781","Birds_atlas_Japan","Rallina eurizonoides","stable",0
"782","Birds_atlas_Japan","Rallus aquaticus","stable",0.055
"783","Birds_atlas_Japan","Regulus regulus","weak increase (< doubling)",0.106
"784","Birds_atlas_Japan","Riparia riparia","strong decrease (> halfing)",-0.704
"785","Birds_atlas_Japan","Rostratula benghalensis","stable",-0.025
"786","Birds_atlas_Japan","Sapheopipo noguchii","weak increase (< doubling)",0.288
"787","Birds_atlas_Japan","Saxicola torquatus","stable",0.095
"788","Birds_atlas_Japan","Scolopax rusticola","stable",-0.068
"789","Birds_atlas_Japan","Sitta europaea","stable",0.083
"790","Birds_atlas_Japan","Spilornis cheela","weak decrease (< halfing)",-0.405
"791","Birds_atlas_Japan","Spodiopsar cineraceus","weak decrease (< halfing)",-0.189
"792","Birds_atlas_Japan","Sterna albifrons","strong decrease (> halfing)",-1.257
"793","Birds_atlas_Japan","Sterna dougallii","weak increase (< doubling)",0.68
"794","Birds_atlas_Japan","Sterna sumatrana","strong decrease (> halfing)",-1.602
"795","Birds_atlas_Japan","Streptopelia orientalis","stable",0.019
"796","Birds_atlas_Japan","Strix uralensis","weak increase (< doubling)",0.46
"797","Birds_atlas_Japan","Sula leucogaster","weak increase (< doubling)",0.647
"798","Birds_atlas_Japan","Syrmaticus soemmerringii","weak increase (< doubling)",0.313
"799","Birds_atlas_Japan","Tachybaptus ruficollis","weak decrease (< halfing)",-0.215
"800","Birds_atlas_Japan","Tarsiger cyanurus","stable",-0.044
"801","Birds_atlas_Japan","Terpsiphone atrocaudata","weak increase (< doubling)",0.682
"802","Birds_atlas_Japan","Treron formosae","stable",-0.041
"803","Birds_atlas_Japan","Treron sieboldii","weak increase (< doubling)",0.563
"804","Birds_atlas_Japan","Tringa totanus","strong decrease (> halfing)",-1.102
"805","Birds_atlas_Japan","Troglodytes troglodytes","weak increase (< doubling)",0.16
"806","Birds_atlas_Japan","Turdus cardis","weak increase (< doubling)",0.277
"807","Birds_atlas_Japan","Turdus celaenops","weak decrease (< halfing)",-0.282
"808","Birds_atlas_Japan","Turdus chrysolaus","weak decrease (< halfing)",-0.264
"809","Birds_atlas_Japan","Turdus pallidus","weak decrease (< halfing)",-0.494
"810","Birds_atlas_Japan","Turnix suscitator","strong decrease (> halfing)",-1.495
"811","Birds_atlas_Japan","Uragus sibiricus","weak decrease (< halfing)",-0.127
"812","Birds_atlas_Japan","Urosphena squameiceps","stable",-0.047
"813","Birds_atlas_Japan","Vanellus cinereus","weak decrease (< halfing)",-0.135
"814","Birds_atlas_Japan","Zoothera dauma","stable",-0.023
"815","Birds_atlas_Japan","Zoothera sibirica","weak decrease (< halfing)",-0.186
"816","Birds_atlas_Japan","Zosterops japonicus","stable",0.019
"817","Birds_Atlas_New_York","Accipiter cooperii","strong increase (> doubling)",0.901
"818","Birds_Atlas_New_York","Accipiter gentilis","weak decrease (< halfing)",-0.224
"819","Birds_Atlas_New_York","Accipiter striatus","weak increase (< doubling)",0.516
"820","Birds_Atlas_New_York","Actitis macularius","weak decrease (< halfing)",-0.134
"821","Birds_Atlas_New_York","Aegolius acadicus","weak increase (< doubling)",0.124
"822","Birds_Atlas_New_York","Agelaius phoeniceus","stable",-0.018
"823","Birds_Atlas_New_York","Aix sponsa","weak increase (< doubling)",0.37
"824","Birds_Atlas_New_York","Ammodramus caudacutus","weak decrease (< halfing)",-0.166
"825","Birds_Atlas_New_York","Ammodramus henslowii","strong decrease (> halfing)",-1.603
"826","Birds_Atlas_New_York","Ammodramus maritimus","weak decrease (< halfing)",-0.288
"827","Birds_Atlas_New_York","Ammodramus savannarum","weak decrease (< halfing)",-0.544
"828","Birds_Atlas_New_York","Anas acuta","strong decrease (> halfing)",-1.253
"829","Birds_Atlas_New_York","Anas americana","weak decrease (< halfing)",-0.647
"830","Birds_Atlas_New_York","Anas clypeata","weak increase (< doubling)",0.274
"831","Birds_Atlas_New_York","Anas crecca","weak decrease (< halfing)",-0.598
"832","Birds_Atlas_New_York","Anas discors","strong decrease (> halfing)",-1.001
"833","Birds_Atlas_New_York","Anas platyrhynchos","weak increase (< doubling)",0.236
"834","Birds_Atlas_New_York","Anas rubripes","weak decrease (< halfing)",-0.416
"835","Birds_Atlas_New_York","Anas strepera","stable",0.009
"836","Birds_Atlas_New_York","Aquila chrysaetos","weak increase (< doubling)",0.118
"837","Birds_Atlas_New_York","Archilochus colubris","weak increase (< doubling)",0.188
"838","Birds_Atlas_New_York","Ardea alba","weak increase (< doubling)",0.535
"839","Birds_Atlas_New_York","Ardea herodias","weak increase (< doubling)",0.182
"840","Birds_Atlas_New_York","Asio flammeus","weak decrease (< halfing)",-0.405
"841","Birds_Atlas_New_York","Asio otus","weak decrease (< halfing)",-0.523
"842","Birds_Atlas_New_York","Aythya affinis","weak decrease (< halfing)",-0.406
"843","Birds_Atlas_New_York","Aythya americana","weak increase (< doubling)",0.559
"844","Birds_Atlas_New_York","Aythya collaris","strong increase (> doubling)",0.725
"845","Birds_Atlas_New_York","Aythya valisineria","stable",0
"846","Birds_Atlas_New_York","Baeolophus bicolor","strong increase (> doubling)",0.695
"847","Birds_Atlas_New_York","Bartramia longicauda","strong decrease (> halfing)",-1.059
"848","Birds_Atlas_New_York","Bombycilla cedrorum","stable",0.021
"849","Birds_Atlas_New_York","Bonasa umbellus","weak decrease (< halfing)",-0.203
"850","Birds_Atlas_New_York","Botaurus lentiginosus","weak decrease (< halfing)",-0.111
"851","Birds_Atlas_New_York","Branta canadensis","strong increase (> doubling)",1.321
"852","Birds_Atlas_New_York","Bubo virginianus","weak decrease (< halfing)",-0.193
"853","Birds_Atlas_New_York","Bubulcus ibis","strong decrease (> halfing)",-1.049
"854","Birds_Atlas_New_York","Bucephala clangula","weak increase (< doubling)",0.256
"855","Birds_Atlas_New_York","Buteo jamaicensis","stable",0.062
"856","Birds_Atlas_New_York","Buteo lineatus","weak increase (< doubling)",0.209
"857","Birds_Atlas_New_York","Buteo platypterus","stable",0.007
"858","Birds_Atlas_New_York","Butorides virescens","weak decrease (< halfing)",-0.14
"859","Birds_Atlas_New_York","Caprimulgus carolinensis","strong decrease (> halfing)",-0.965
"860","Birds_Atlas_New_York","Caprimulgus vociferus","strong decrease (> halfing)",-0.854
"861","Birds_Atlas_New_York","Cardinalis cardinalis","stable",0.085
"862","Birds_Atlas_New_York","Carpodacus mexicanus","weak increase (< doubling)",0.175
"863","Birds_Atlas_New_York","Carpodacus purpureus","stable",0.004
"864","Birds_Atlas_New_York","Cathartes aura","weak increase (< doubling)",0.536
"865","Birds_Atlas_New_York","Catharus bicknelli","weak increase (< doubling)",0.379
"866","Birds_Atlas_New_York","Catharus fuscescens","stable",-0.027
"867","Birds_Atlas_New_York","Catharus guttatus","weak increase (< doubling)",0.266
"868","Birds_Atlas_New_York","Catharus ustulatus","weak decrease (< halfing)",-0.182
"869","Birds_Atlas_New_York","Certhia americana","stable",0.048
"870","Birds_Atlas_New_York","Chaetura pelagica","weak decrease (< halfing)",-0.164
"871","Birds_Atlas_New_York","Charadrius melodus","stable",0.027
"872","Birds_Atlas_New_York","Charadrius vociferus","stable",-0.042
"873","Birds_Atlas_New_York","Chlidonias niger","weak decrease (< halfing)",-0.506
"874","Birds_Atlas_New_York","Chordeiles minor","strong decrease (> halfing)",-1.24
"875","Birds_Atlas_New_York","Circus cyaneus","stable",-0.014
"876","Birds_Atlas_New_York","Cistothorus palustris","stable",0.049
"877","Birds_Atlas_New_York","Cistothorus platensis","weak increase (< doubling)",0.233
"878","Birds_Atlas_New_York","Coccothraustes vespertinus","weak increase (< doubling)",0.359
"879","Birds_Atlas_New_York","Coccyzus americanus","stable",0.031
"880","Birds_Atlas_New_York","Coccyzus erythropthalmus","stable",0.034
"881","Birds_Atlas_New_York","Colaptes auratus","stable",-0.008
"882","Birds_Atlas_New_York","Colinus virginianus","weak decrease (< halfing)",-0.299
"883","Birds_Atlas_New_York","Columba livia","stable",-0.008
"884","Birds_Atlas_New_York","Contopus cooperi","weak decrease (< halfing)",-0.422
"885","Birds_Atlas_New_York","Contopus virens","stable",-0.044
"886","Birds_Atlas_New_York","Corvus brachyrhynchos","stable",0.008
"887","Birds_Atlas_New_York","Corvus corax","strong increase (> doubling)",1.791
"888","Birds_Atlas_New_York","Corvus ossifragus","weak increase (< doubling)",0.434
"889","Birds_Atlas_New_York","Cyanocitta cristata","stable",0.003
"890","Birds_Atlas_New_York","Cygnus olor","weak increase (< doubling)",0.624
"891","Birds_Atlas_New_York","Dendroica caerulescens","weak increase (< doubling)",0.096
"892","Birds_Atlas_New_York","Dendroica castanea","strong decrease (> halfing)",-0.981
"893","Birds_Atlas_New_York","Dendroica cerulea","weak decrease (< halfing)",-0.134
"894","Birds_Atlas_New_York","Dendroica coronata","weak increase (< doubling)",0.3
"895","Birds_Atlas_New_York","Dendroica discolor","weak increase (< doubling)",0.18
"896","Birds_Atlas_New_York","Dendroica dominica","weak increase (< doubling)",0.511
"897","Birds_Atlas_New_York","Dendroica fusca","weak increase (< doubling)",0.174
"898","Birds_Atlas_New_York","Dendroica magnolia","weak increase (< doubling)",0.228
"899","Birds_Atlas_New_York","Dendroica palmarum","strong increase (> doubling)",3.761
"900","Birds_Atlas_New_York","Dendroica pensylvanica","stable",0.093
"901","Birds_Atlas_New_York","Dendroica petechia","stable",0
"902","Birds_Atlas_New_York","Dendroica pinus","strong increase (> doubling)",1.161
"903","Birds_Atlas_New_York","Dendroica striata","stable",-0.083
"904","Birds_Atlas_New_York","Dendroica tigrina","weak decrease (< halfing)",-0.251
"905","Birds_Atlas_New_York","Dendroica virens","weak increase (< doubling)",0.25
"906","Birds_Atlas_New_York","Dolichonyx oryzivorus","stable",-0.086
"907","Birds_Atlas_New_York","Dryocopus pileatus","weak increase (< doubling)",0.251
"908","Birds_Atlas_New_York","Dumetella carolinensis","stable",-0.037
"909","Birds_Atlas_New_York","Egretta caerulea","stable",-0.054
"910","Birds_Atlas_New_York","Egretta thula","weak decrease (< halfing)",-0.483
"911","Birds_Atlas_New_York","Egretta tricolor","weak increase (< doubling)",0.167
"912","Birds_Atlas_New_York","Empidonax alnorum","weak increase (< doubling)",0.373
"913","Birds_Atlas_New_York","Empidonax flaviventris","weak increase (< doubling)",0.348
"914","Birds_Atlas_New_York","Empidonax minimus","stable",-0.041
"915","Birds_Atlas_New_York","Empidonax traillii","weak increase (< doubling)",0.304
"916","Birds_Atlas_New_York","Empidonax virescens","weak increase (< doubling)",0.389
"917","Birds_Atlas_New_York","Eremophila alpestris","weak decrease (< halfing)",-0.458
"918","Birds_Atlas_New_York","Euphagus carolinus","weak decrease (< halfing)",-0.255
"919","Birds_Atlas_New_York","Falco peregrinus","strong increase (> doubling)",1.867
"920","Birds_Atlas_New_York","Falco sparverius","weak decrease (< halfing)",-0.153
"921","Birds_Atlas_New_York","Fulica americana","stable",0.093
"922","Birds_Atlas_New_York","Gallinago delicata","stable",0.021
"923","Birds_Atlas_New_York","Gallinula chloropus","weak decrease (< halfing)",-0.405
"924","Birds_Atlas_New_York","Gavia immer","weak increase (< doubling)",0.349
"925","Birds_Atlas_New_York","Gelochelidon nilotica","weak increase (< doubling)",0.511
"926","Birds_Atlas_New_York","Geothlypis trichas","stable",-0.003
"927","Birds_Atlas_New_York","Haematopus palliatus","weak increase (< doubling)",0.413
"928","Birds_Atlas_New_York","Haliaeetus leucocephalus","strong increase (> doubling)",2.543
"929","Birds_Atlas_New_York","Helmitheros vermivorum","stable",-0.009
"930","Birds_Atlas_New_York","Hirundo rustica","stable",-0.061
"931","Birds_Atlas_New_York","Hydropogne caspia","weak increase (< doubling)",0.51
"932","Birds_Atlas_New_York","Hylocichla mustelina","stable",-0.074
"933","Birds_Atlas_New_York","Icteria virens","strong decrease (> halfing)",-1.508
"934","Birds_Atlas_New_York","Icterus galbula","stable",-0.036
"935","Birds_Atlas_New_York","Icterus spurius","weak increase (< doubling)",0.556
"936","Birds_Atlas_New_York","Ixobrychus exilis","stable",-0.096
"937","Birds_Atlas_New_York","Junco hyemalis","weak increase (< doubling)",0.207
"938","Birds_Atlas_New_York","Lanius ludovicianus","strong decrease (> halfing)",-1.792
"939","Birds_Atlas_New_York","Larus argentatus","weak decrease (< halfing)",-0.139
"940","Birds_Atlas_New_York","Larus delawarensis","weak decrease (< halfing)",-0.204
"941","Birds_Atlas_New_York","Larus marinus","stable",-0.058
"942","Birds_Atlas_New_York","Laterallus jamaicensis","stable",0
"943","Birds_Atlas_New_York","Leucophaeus atricilla","strong decrease (> halfing)",-1.674
"944","Birds_Atlas_New_York","Lophodytes cucullatus","strong increase (> doubling)",0.745
"945","Birds_Atlas_New_York","Loxia curvirostra","strong decrease (> halfing)",-1.025
"946","Birds_Atlas_New_York","Loxia leucoptera","weak increase (< doubling)",0.13
"947","Birds_Atlas_New_York","Megaceryle alcyon","stable",-0.061
"948","Birds_Atlas_New_York","Megascops asio","stable",0.011
"949","Birds_Atlas_New_York","Melanerpes carolinus","strong increase (> doubling)",0.802
"950","Birds_Atlas_New_York","Melanerpes erythrocephalus","strong decrease (> halfing)",-1.42
"951","Birds_Atlas_New_York","Meleagris gallopavo","strong increase (> doubling)",0.845
"952","Birds_Atlas_New_York","Melospiza georgiana","stable",0.056
"953","Birds_Atlas_New_York","Melospiza lincolnii","weak decrease (< halfing)",-0.148
"954","Birds_Atlas_New_York","Melospiza melodia","stable",-0.007
"955","Birds_Atlas_New_York","Mergus merganser","strong increase (> doubling)",0.849
"956","Birds_Atlas_New_York","Mergus serrator","weak increase (< doubling)",0.252
"957","Birds_Atlas_New_York","Mimus polyglottos","stable",0.093
"958","Birds_Atlas_New_York","Mniotilta varia","stable",-0.009
"959","Birds_Atlas_New_York","Molothrus ater","stable",-0.072
"960","Birds_Atlas_New_York","Myiarchus crinitus","stable",-0.034
"961","Birds_Atlas_New_York","Myiopsitta monachus","strong increase (> doubling)",1.61
"962","Birds_Atlas_New_York","Nyctanassa violacea","weak decrease (< halfing)",-0.322
"963","Birds_Atlas_New_York","Nycticorax nycticorax","stable",0.009
"964","Birds_Atlas_New_York","Oporornis formosus","strong decrease (> halfing)",-1.266
"965","Birds_Atlas_New_York","Oporornis philadelphia","stable",0.043
"966","Birds_Atlas_New_York","Oxyura jamaicensis","strong increase (> doubling)",0.944
"967","Birds_Atlas_New_York","Pandion haliaetus","strong increase (> doubling)",0.901
"968","Birds_Atlas_New_York","Parula americana","weak increase (< doubling)",0.407
"969","Birds_Atlas_New_York","Passer domesticus","stable",-0.065
"970","Birds_Atlas_New_York","Passerculus sandwichensis","stable",0.021
"971","Birds_Atlas_New_York","Passerina caerulea","strong increase (> doubling)",0.81
"972","Birds_Atlas_New_York","Passerina cyanea","stable",-0.009
"973","Birds_Atlas_New_York","Perdix perdix","strong decrease (> halfing)",-1.638
"974","Birds_Atlas_New_York","Perisoreus canadensis","weak increase (< doubling)",0.156
"975","Birds_Atlas_New_York","Petrochelidon pyrrhonota","weak decrease (< halfing)",-0.125
"976","Birds_Atlas_New_York","Phalacrocorax auritus","strong increase (> doubling)",2.085
"977","Birds_Atlas_New_York","Phasianus colchicus","weak decrease (< halfing)",-0.464
"978","Birds_Atlas_New_York","Pheucticus ludovicianus","stable",-0.065
"979","Birds_Atlas_New_York","Picoides arcticus","weak increase (< doubling)",0.108
"980","Birds_Atlas_New_York","Picoides dorsalis","weak decrease (< halfing)",-0.383
"981","Birds_Atlas_New_York","Picoides pubescens","stable",0.024
"982","Birds_Atlas_New_York","Picoides villosus","stable",0.081
"983","Birds_Atlas_New_York","Pipilo erythrophthalmus","weak decrease (< halfing)",-0.126
"984","Birds_Atlas_New_York","Piranga olivacea","stable",0.008
"985","Birds_Atlas_New_York","Piranga rubra","stable",-0.001
"986","Birds_Atlas_New_York","Plegadis falcinellus","weak decrease (< halfing)",-0.213
"987","Birds_Atlas_New_York","Podilymbus podiceps","weak increase (< doubling)",0.38
"988","Birds_Atlas_New_York","Poecile atricapillus","stable",0.009
"989","Birds_Atlas_New_York","Poecile hudsonicus","weak increase (< doubling)",0.115
"990","Birds_Atlas_New_York","Polioptila caerulea","weak increase (< doubling)",0.171
"991","Birds_Atlas_New_York","Pooecetes gramineus","weak decrease (< halfing)",-0.683
"992","Birds_Atlas_New_York","Porzana carolina","weak increase (< doubling)",0.143
"993","Birds_Atlas_New_York","Progne subis","weak decrease (< halfing)",-0.504
"994","Birds_Atlas_New_York","Protonotaria citrea","weak decrease (< halfing)",-0.693
"995","Birds_Atlas_New_York","Quiscalus major","strong increase (> doubling)",2.251
"996","Birds_Atlas_New_York","Quiscalus quiscula","stable",-0.02
"997","Birds_Atlas_New_York","Rallus elegans","stable",0
"998","Birds_Atlas_New_York","Rallus limicola","weak increase (< doubling)",0.189
"999","Birds_Atlas_New_York","Rallus longirostris","stable",-0.035
"1000","Birds_Atlas_New_York","Regulus satrapa","weak increase (< doubling)",0.116
"1001","Birds_Atlas_New_York","Riparia riparia","weak decrease (< halfing)",-0.325
"1002","Birds_Atlas_New_York","Rynchops niger","weak decrease (< halfing)",-0.392
"1003","Birds_Atlas_New_York","Sayornis phoebe","stable",0.085
"1004","Birds_Atlas_New_York","Scolopax minor","stable",0.038
"1005","Birds_Atlas_New_York","Seiurus aurocapilla","stable",0.086
"1006","Birds_Atlas_New_York","Seiurus motacilla","weak decrease (< halfing)",-0.23
"1007","Birds_Atlas_New_York","Seiurus noveboracensis","stable",0.039
"1008","Birds_Atlas_New_York","Setophaga ruticilla","stable",0.021
"1009","Birds_Atlas_New_York","Sialia sialis","weak increase (< doubling)",0.433
"1010","Birds_Atlas_New_York","Sitta canadensis","weak increase (< doubling)",0.309
"1011","Birds_Atlas_New_York","Sitta carolinensis","stable",0.028
"1012","Birds_Atlas_New_York","Sphyrapicus varius","weak increase (< doubling)",0.419
"1013","Birds_Atlas_New_York","Spinus pinus","stable",0.012
"1014","Birds_Atlas_New_York","Spinus tristis","stable",0.017
"1015","Birds_Atlas_New_York","Spiza americana","strong increase (> doubling)",1.792
"1016","Birds_Atlas_New_York","Spizella pallida","strong increase (> doubling)",1.099
"1017","Birds_Atlas_New_York","Spizella passerina","stable",0.003
"1018","Birds_Atlas_New_York","Spizella pusilla","weak decrease (< halfing)",-0.173
"1019","Birds_Atlas_New_York","Stelgidopteryx serripennis","weak increase (< doubling)",0.191
"1020","Birds_Atlas_New_York","Sterna dougallii","weak decrease (< halfing)",-0.46
"1021","Birds_Atlas_New_York","Sterna forsteri","strong increase (> doubling)",1.609
"1022","Birds_Atlas_New_York","Sterna hirundo","stable",-0.016
"1023","Birds_Atlas_New_York","Sternula antillarum","weak decrease (< halfing)",-0.22
"1024","Birds_Atlas_New_York","Strix varia","weak increase (< doubling)",0.354
"1025","Birds_Atlas_New_York","Sturnella magna","weak decrease (< halfing)",-0.286
"1026","Birds_Atlas_New_York","Sturnella neglecta","strong decrease (> halfing)",-1.791
"1027","Birds_Atlas_New_York","Sturnus vulgaris","stable",-0.016
"1028","Birds_Atlas_New_York","Tachycineta bicolor","stable",0.04
"1029","Birds_Atlas_New_York","Thryothorus ludovicianus","strong increase (> doubling)",1.411
"1030","Birds_Atlas_New_York","Toxostoma rufum","weak decrease (< halfing)",-0.358
"1031","Birds_Atlas_New_York","Tringa semipalmata","weak increase (< doubling)",0.569
"1032","Birds_Atlas_New_York","Troglodytes aedon","stable",-0.032
"1033","Birds_Atlas_New_York","Troglodytes troglodytes","weak increase (< doubling)",0.396
"1034","Birds_Atlas_New_York","Turdus migratorius","stable",0.008
"1035","Birds_Atlas_New_York","Tyrannus tyrannus","stable",-0.076
"1036","Birds_Atlas_New_York","Tyto alba","strong decrease (> halfing)",-1.504
"1037","Birds_Atlas_New_York","Vermivora chrysoptera","weak decrease (< halfing)",-0.691
"1038","Birds_Atlas_New_York","Vermivora peregrina","stable",0.036
"1039","Birds_Atlas_New_York","Vermivora pinus","weak increase (< doubling)",0.152
"1040","Birds_Atlas_New_York","Vermivora ruficapilla","stable",-0.075
"1041","Birds_Atlas_New_York","Vireo flavifrons","stable",-0.074
"1042","Birds_Atlas_New_York","Vireo gilvus","weak increase (< doubling)",0.12
"1043","Birds_Atlas_New_York","Vireo griseus","stable",-0.071
"1044","Birds_Atlas_New_York","Vireo olivaceus","stable",0.027
"1045","Birds_Atlas_New_York","Vireo philadelphicus","weak increase (< doubling)",0.448
"1046","Birds_Atlas_New_York","Vireo solitarius","weak increase (< doubling)",0.329
"1047","Birds_Atlas_New_York","Wilsonia canadensis","weak decrease (< halfing)",-0.263
"1048","Birds_Atlas_New_York","Wilsonia citrina","strong increase (> doubling)",0.9
"1049","Birds_Atlas_New_York","Wilsonia pusilla","weak decrease (< halfing)",-0.405
"1050","Birds_Atlas_New_York","Zenaida macroura","stable",0.086
"1051","Birds_Atlas_New_York","Zonotrichia albicollis","weak decrease (< halfing)",-0.159
